slide_ID,num_patches,all_patches
JMR0003,3238,55056
JMR0004,8449,41026
JMR0005,9641,328202
JMR0006,693,328202
JMR0007,14252,43560
JMR0009,2972,21760
JMR0010,12460,35931
JMR0011,18158,70245
JMR0012,12349,61308
JMR0013,13480,70952
JMR0014,2868,25650
JMR0015,22118,328202
JMR0019,1998,15930
JMR0020,14709,69799
JMR0022,17264,130963
JMR0023,6873,28676
JMR0024,242,34960
JMR0025,18262,48755
JMR0027,8396,31442
JMR0028,18309,48319
JMR0029,6875,328202
JMR0031,2763,328202
JMR0032,13121,113344
JMR0033,10970,328202
JMR0035,3610,328202
JMR0037,478,328202
JMR0040,23292,90624
JMR0041,63907,162506
JMR0042,12433,52324
JMR0043,14310,70638
JMR0044,10894,42402
JMR0045,13558,39900
JMR0046,10071,43424
JMR0047,7471,38227
JMR0048,4439,328202
JMR0049,4423,20216
JMR0051,4961,24073
JMR0052,18106,70299
JMR0053,6178,328202
JMR0054,13799,44275
JMR0055,2085,328202
JMR0056,8844,32025
JMR0057,21959,117645
JMR0058,19321,69915
JMR0059,5520,92877
JMR0060,12366,328202
JMR0062,14816,54432
JMR0063,2270,328202
JMR0064,27613,125852
JMR0065,22325,58101
JMR0067,25759,109138
JMR0068,23040,102595
JMR0069,2516,328202
JMR0070,21085,59568
JMR0071,2780,15456
JMR0072,15789,53106
JMR0073,14509,92868
JMR0074,1955,328202
JMR0075,23666,59496
JMR0076,28913,68634
JMR0077,27499,103020
JMR0079,61804,328202
JMR0080,9712,46189
JMR0081,40736,108576
JMR0082,5469,33667
JMR0083,3079,27048
JMR0084,5890,328202
JMR0085,2718,328202
JMR0086,26498,98816
JMR0087,20870,99840
JMR0088,2612,328202
JMR0089,13462,47261
JMR0090,13076,44982
JMR0091,41623,137900
JMR0094,5600,35075
JMR0095,7570,69552
JMR0096,8987,328202
JMR0097,7976,328202
JMR0098,1250,328202
JMR0099,11001,328202
JMR0101,5823,41412
JMR0102,18221,328202
JMR0103,15639,54776
JMR0104,13309,50616
JMR0105,11529,97468
JMR0107,5249,25480
JMR0108,7686,39884
JMR0109,13071,54060
JMR0110,6989,34428
JMR0112,8123,35910
JMR0115,17845,87120
JMR0116,3642,21804
JMR0117,3071,34650
JMR0119,8778,328202
JMR0120,3999,328202
JMR0121,12212,48514
JMR0122,5044,39852
JMR0124,25760,328202
JMR0125,3245,30652
JMR0126,33363,328202
JMR0127,6857,31392
JMR0128,31683,108381
JMR0130,15421,62307
JMR0131,11972,57311
JMR0132,3713,40820
JMR0134,20546,74730
JMR0135,42334,328202
JMR0136,8621,328202
JMR0138,7018,31325
JMR0139,30255,79800
JMR0140,1084,328202
JMR0142,4836,328202
JMR0143,19835,114777
JMR0144,17954,67952
JMR0145,8774,39270
JMR0146,26046,88011
JMR0147,26394,86376
JMR0148,25856,92944
JMR0149,22786,66495
JMR0151,19765,328202
JMR0152,46226,328202
JMR0153,4493,21442
JMR0155,2053,328202
JMR0156,7281,33768
JMR0157,14823,51759
JMR0158,1585,328202
JMR0159,24955,69540
JMR0161,17999,68786
JMR0165,53602,107559
JMR0169,8298,43870
JMR0170,19277,62361
JMR0171,22422,67876
JMR0172,28198,66800
JMR0173,5121,55650
JMR0175,8648,328202
JMR0176,7358,27072
JMR0177,9586,328202
JMR0178,9122,35960
JMR0179,10335,51615
JMR0180,12651,50702
JMR0181,992,328202
JMR0182,4973,42966
JMR0183,21518,70752
JMR0185,970,328202
JMR0186,28916,65780
JMR0187,1192,328202
JMR0188,3034,328202
JMR0189,2556,21798
JMR0193,15023,328202
JMR0194,14010,49276
JMR0195,3200,328202
JMR0196,7887,33699
JMR0197,14233,328202
JMR0199,7763,43077
JMR0200,9044,34010
JMR0201,6393,31725
JMR0202,8326,328202
JMR0204,4294,328202
JMR0205,9198,68440
JMR0206,13147,44080
JMR0209,46903,127804
JMR0210,29032,92928
JMR0212,3447,19872
JMR0213,6394,328202
JMR0217,13937,328202
JMR0218,11045,328202
JMR0219,21989,70115
JMR0220,18884,56610
JMR0222,5746,32045
JMR0223,4169,30912
JMR0224,20512,92769
JMR0225,26831,88917
JMR0228,23898,328202
JMR0229,3744,46800
JMR0230,2212,328202
JMR0231,24958,60792
JMR0232,22403,62780
JMR0233,4767,21120
JMR0234,19148,139476
JMR0235,8315,328202
JMR0236,1882,328202
JMR0237,15090,59658
JMR0239,14132,55176
JMR0240,24384,98134
JMR0241,4015,22960
JMR0242,3554,33434
JMR0243,21131,54692
JMR0244,8843,38272
JMR0246,19842,58320
JMR0248,30622,87040
JMR0252,10320,37202
JMR0253,8127,29028
JMR0255,8928,45045
JMR0256,6825,30176
JMR0257,3290,328202
JMR0258,27084,88218
JMR0259,5011,38025
JMR0261,429,328202
JMR0262,9204,38800
JMR0263,25731,87416
JMR0264,6770,328202
JMR0266,51310,328202
JMR0267,24037,60914
JMR0268,16271,70645
JMR0269,19844,71955
JMR0270,7642,328202
JMR0271,14803,43365
JMR0272,28130,81841
JMR0273,21844,67803
JMR0274,17147,49712
JMR0275,14093,43132
JMR0276,53302,328202
JMR0277,1672,328202
JMR0279,36152,328202
JMR0281,10186,40068
JMR0282,7218,31622
JMR0286,8999,45628
JMR0287,35261,95748
JMR0288,6801,33062
JMR0290,8214,328202
JMR0291,23646,75692
JMR0292,4141,328202
JMR0294,10991,53550
JMR0296,74560,328202
JMR0297,12092,50086
JMR0298,3187,19698
JMR0299,14654,44820
JMR0301,11363,48256
JMR0306,8520,33304
JMR0307,22158,71200
JMR0310,5304,30492
JMR0311,4062,29694
JMR0312,17187,67962
JMR0313,11128,328202
JMR0315,15684,51984
JMR0316,9850,328202
JMR0317,26699,96212
JMR0318,49169,328202
JMR0319,7473,26730
JMR0320,27168,71434
JMR0323,9781,328202
JMR0324,3024,23548
JMR0325,9608,34221
JMR0327,12093,42147
JMR0329,1201,328202
JMR0331,7447,55826
JMR0332,4205,24940
JMR0333,7131,28557
JMR0334,16217,56898
JMR0335,31538,90420
JMR0336,24858,328202
JMR0337,19413,61344
JMR0338,27352,69120
JMR0339,14433,328202
JMR0341,11137,39960
JMR0342,5366,28800
JMR0343,21139,71982
JMR0345,3769,328202
JMR0347,4766,25228
JMR0351,2962,328202
JMR0352,10247,43497
JMR0353,8562,44992
JMR0354,6950,26316
JMR0355,6523,328202
JMR0356,5482,328202
JMR0357,12425,328202
JMR0358,11381,38988
JMR0359,17508,48024
JMR0360,2036,328202
JMR0361,3464,44154
JMR0362,13975,58080
JMR0363,20800,79265
JMR0365,9641,328202
JMR0366,30499,77490
JMR0367,21407,139167
JMR0368,36212,93060
JMR0369,5994,40365
JMR0373,5177,44800
JMR0374,1659,328202
JMR0375,17480,328202
JMR0378,8503,38654
JMR0380,45821,119314
JMR0381,18052,55040
JMR0382,23931,78153
JMR0384,9767,57728
JMR0385,6163,328202
JMR0386,17816,115260
JMR0387,6981,33536
JMR0388,4051,30535
JMR0389,8091,37555
JMR0390,26411,71788
JMR0392,15034,60984
JMR0393,9909,42420
JMR0395,6819,32111
JMR0396,36079,113353
JMR0398,21379,64728
JMR0400,8750,30929
JMR0401,13734,328202
JMR0402,9906,328202
JMR0403,29750,328202
JMR0404,20418,53970
JMR0406,3327,328202
JMR0407,24484,67320
JMR0409,13410,40136
JMR0410,1649,328202
JMR0412,19837,58400
JMR0413,584,8944
JMR0414,29075,76160
JMR0415,9108,32550
JMR0416,10311,42355
JMR0417,799,328202
JMR0418,13345,328202
JMR0419,4667,328202
JMR0420,23736,328202
JMR0421,14238,40660
JMR0422,20594,82004
JMR0423,8804,49632
JMR0424,17901,328202
JMR0425,14482,51680
JMR0426,23797,68544
JMR0429,25999,87612
JMR0431,2998,31416
JMR0433,25081,75960
JMR0434,37351,114950
JMR0435,8822,38505
JMR0436,11825,41772
JMR0437,12852,41584
JMR0438,17000,67920
JMR0439,18130,328202
JMR0440,5405,26364
JMR0441,45015,96465
JMR0443,12611,44712
JMR0444,4951,22960
JMR0446,3187,27302
JMR0447,10755,32340
JMR0449,18317,62985
JMR0450,14684,44280
JMR0452,38640,98640
JMR0453,14914,328202
JMR0454,13868,80162
JMR0455,7425,30294
JMR0456,11507,39600
JMR0457,7519,328202
JMR0458,4404,328202
JMR0459,5286,39585
JMR0461,18153,47685
JMR0462,6517,328202
JMR0464,1352,328202
JMR0465,30927,105968
JMR0468,20650,60000
JMR0469,29888,76590
JMR0471,6664,26134
JMR0472,16092,84686
JMR0473,1627,35640
JMR0474,22876,62604
JMR0475,4653,328202
JMR0476,11230,44144
JMR0477,13797,49590
JMR0478,15412,62780
JMR0479,458,11424
JMR0480,20485,328202
JMR0481,3201,16215
JMR0482,8473,35136
JMR0483,18281,77380
JMR0485,14024,48675
JMR0486,39760,154448
JMR0487,4950,328202
JMR0488,5359,24960
JMR0491,11966,42924
JMR0492,10513,36300
JMR0493,5998,27784
JMR0496,2086,17584
JMR0497,8611,48575
JMR0498,20868,58649
JMR0499,11706,63883
JMR0500,2637,28907
JMR0503,21739,61320
JMR0505,47798,328202
JMR0506,39187,130414
JMR0508,14311,57584
JMR0509,11222,41180
JMR0510,6212,32800
JMR0511,20691,328202
JMR0513,13602,328202
JMR0516,18971,84334
JMR0518,6247,31652
JMR0519,9945,155811
JMR0520,865,328202
JMR0522,11225,56625
JMR0523,165,8245
JMR0524,15150,50589
JMR0525,2071,100832
JMR0526,16694,328202
JMR0528,5717,77452
JMR0530,2395,35640
JMR0532,4464,69130
JMR0534,3018,33908
JMR0535,9833,328202
JMR0536,403,328202
JMR0537,4256,328202
JMR0540,5739,41382
JMR0541,20652,67416
JMR0543,31163,93922
JMR0544,10819,46435
JMR0546,1903,14628
JMR0547,32235,328202
JMR0548,8750,33495
JMR0549,13804,69006
JMR0550,1122,328202
JMR0551,32760,91568
JMR0553,13969,86856
JMR0554,44880,116424
JMR0555,7219,328202
JMR0559,9550,34884
JMR0560,51123,130923
JMR0561,28382,71838
JMR0562,9216,39991
JMR0563,10807,52380
JMR0566,23562,124780
JMR0567,10998,79778
JMR0568,17241,328202
JMR0569,3348,36693
JMR0570,22521,64071
JMR0571,16207,49800
JMR0574,3736,20711
JMR0576,10046,328202
JMR0577,46351,328202
JMR0579,4922,107548
JMR0581,2876,31126
JMR0582,19990,68002
JMR0583,21941,328202
JMR0584,22234,85432
JMR0585,12590,55650
JMR0586,7083,328202
JMR0587,10694,44660
JMR0588,29794,90117
JMR0589,37430,153224
JMR0590,55286,117412
JMR0592,11238,67123
JMR0593,24376,109586
JMR0594,51952,114510
JMR0595,11120,328202
JMR0596,9486,35880
JMR0597,10357,108150
JMR0598,50976,134166
JMR0599,988,328202
JMR0604,6539,328202
JMR0606,8251,51034
JMR0608,20144,328202
JMR0610,5015,33286
JMR0611,4516,21855
JMR0612,5879,29970
JMR0614,3885,21525
JMR0615,39821,78680
JMR0616,601,328202
JMR0617,18172,328202
JMR0618,5998,328202
JMR0619,68190,180268
JMR0621,10148,328202
JMR0622,32648,328202
JMR0624,1698,328202
JMR0625,12191,328202
JMR0626,7061,328202
JMR0627,7515,32361
JMR0628,18544,109125
JMR0629,28171,71036
JMR0630,44125,328202
JMR0631,47703,106664
JMR0635,24768,328202
JMR0637,6907,28160
JMR0639,45336,163904
JMR0640,17399,102024
JMR0642,6991,30368
JMR0643,5689,61628
JMR0644,4418,33912
JMR0646,3509,19750
JMR0648,2664,328202
JMR0650,11135,328202
JMR0651,37620,78232
JMR0652,5433,31590
JMR0653,8460,134316
JMR0657,15169,52171
JMR0658,29430,109590
JMR0659,4794,66980
JMR0660,8845,34736
JMR0661,4486,34020
JMR0662,927,328202
JMR0663,2625,23023
JMR0664,24456,68138
JMR0665,16889,328202
JMR0666,15745,46508
JMR0667,16237,328202
JMR0668,10842,328202
JMR0671,8140,47422
JMR0673,17256,105294
JMR0675,80569,328202
JMR0676,365,11009
JMR0677,14114,77173
JMR0678,12634,48828
JMR0679,24767,68115
JMR0681,8149,328202
JMR0682,17179,57652
JMR0683,1025,328202
JMR0686,3533,328202
JMR0689,15423,68244
JMR0690,8866,35424
JMR0691,6576,328202
JMR0693,1491,328202
JMR0694,30924,103173
JMR0696,29799,91368
JMR0697,7968,29172
JMR0698,11745,46920
JMR0699,2857,23828
JMR0700,10681,33567
JMR0702,22039,61775
JMR0703,6791,46980
JMR0704,7438,37682
JMR0705,7069,31164
JMR0707,1861,22960
JMR0708,20814,56832
JMR0709,25951,75140
JMR0710,8683,42750
JMR0711,9105,44844
JMR0714,26727,97614
JMR0715,31885,95700
JMR0717,34372,89411
JMR0718,43508,98530
JMR0719,38888,96338
JMR0720,1151,27450
JMR0721,2450,17480
JMR0724,11053,39732
JMR0725,26588,66440
JMR0727,10099,69208
JMR0730,12883,41412
JMR0731,16107,71536
JMR0732,16275,47499
JMR0733,3740,22499
JMR0735,1817,16340
JMR0736,9406,33488
JMR0737,39757,136850
JMR0738,9910,43194
JMR0739,3112,22057
JMR0740,26219,76032
JMR0741,1861,21945
JMR0743,2093,26001
JMR0746,6576,86700
JMR0748,6968,32706
JMR0749,16177,328202
JMR0750,8362,45140
JMR0751,21774,66816
JMR0752,15681,41032
JMR0754,8015,190696
JMR0755,17671,58985
JMR0756,48782,102375
JMR0757,8604,41832
JMR0758,63238,212220
JMR0759,1597,99974
JMR0760,11664,42706
JMR0762,14837,51120
JMR0763,6066,26195
JMR0764,1642,18824
JMR0765,23126,328202
JMR0766,19891,63720
JMR0767,456,18177
JMR0768,20863,54054
JMR0769,24450,97376
JMR0770,17905,59334
JMR0772,13190,71463
JMR0773,5577,52779
JMR0775,13357,58302
JMR0776,3091,48865
JMR0777,1738,15347
JMR0779,30742,67100
JMR0780,10074,36720
JMR0781,12996,45257
JMR0782,80389,143810
JMR0783,11565,65392
JMR0784,15431,46482
JMR0785,7350,66389
JMR0787,11725,39380
JMR0789,29755,107570
JMR0790,6894,32568
JMR0793,20693,60066
JMR0794,22524,73066
JMR0795,10641,40920
JMR0796,89296,213154
JMR0798,901,50621
JMR0799,19991,64512
JMR0800,1394,22575
JMR0801,45102,118720
JMR0803,5978,25920
JMR0804,8356,50268
JMR0805,12014,48720
JMR0807,4629,44472
JMR0809,9419,46494
JMR0810,3488,35208
JMR0813,20881,75924
JMR0814,24713,71700
JMR0815,7273,39368
JMR0816,7420,34615
JMR0817,4623,28670
JMR0818,18332,52800
JMR0819,6684,46240
JMR0820,21138,64460
JMR0822,8437,138431
JMR0823,4566,34983
JMR0824,6044,26625
JMR0825,11404,57459
JMR0826,4811,165249
JMR0827,5757,47142
JMR0828,29400,100270
JMR0829,6712,37973
JMR0830,28623,328202
JMR0831,19606,76270
JMR0833,726,16830
JMR0835,3,14577
JMR0836,46996,105560
JMR0837,12247,63206
JMR0838,12621,44980
JMR0839,13782,54758
JMR0840,9448,57057
JMR0842,9656,41280
JMR0844,6098,33396
JMR0845,22762,70096
JMR0846,48497,148212
JMR0848,17718,63448
JMR0851,7643,30723
JMR0852,6570,26455
JMR0853,27280,63985
JMR0854,15500,98550
JMR0856,5068,27840
JMR0857,20304,64753
JMR0858,20167,59488
JMR0859,8651,36795
JMR0860,14872,80478
JMR0861,46313,105728
JMR0863,56869,124656
JMR0864,2772,16440
JMR0865,705,20882
JMR0866,42447,132573
JMR0867,29474,84150
JMR0872,17288,64746
JMR0873,1205,15344
JMR0874,28800,78936
JMR0875,5881,38688
JMR0876,39788,76608
JMR0877,5542,26474
JMR0878,15570,55420
JMR0879,19934,193848
JMR0880,48710,124110
JMR0881,5707,74202
JMR0883,12023,40404
JMR0885,8595,37260
JMR0886,11897,54870
JMR0887,3302,38070
JMR0888,11636,41055
JMR0889,24976,96900
JMR0890,14131,112480
JMR0892,19505,64050
JMR0893,7783,32480
JMR0894,8928,70770
JMR0895,23957,74256
JMR0896,7424,29949
JMR0897,1265,21408
JMR0898,14093,44820
JMR0899,5291,28080
JMR0900,26551,102184
JMR0901,29609,76820
JMR0903,7113,43424
JMR0904,5573,34224
JMR0905,11605,40180
JMR0906,9287,71325
JMR0907,6150,47564
JMR0908,9277,35649
JMR0910,8501,46320
JMR0911,9477,33810
JMR0912,7994,43834
JMR0913,11197,149144
JMR0914,14776,49266
JMR0915,27408,72220
JMR0916,13286,68013
JMR0917,25509,75951
JMR0918,683,21004
JMR0921,24659,66045
JMR0924,15554,61994
JMR0925,13440,48894
JMR0926,7499,36270
JMR0928,7477,68068
JMR0929,35995,129551
JMR0930,11653,39501
JMR0931,22827,117975
JMR0932,16901,47190
JMR0933,16463,45024
JMR0934,8823,32665
JMR0935,14410,107520
JMR0936,22732,60250
JMR0937,10497,45360
JMR0938,13848,53865
JMR0939,15239,42768
JMR0940,34170,72828
JMR0942,3263,28324
JMR0945,10874,38406
JMR0946,7743,41470
JMR0947,8133,30644
JMR0948,7079,30176
JMR0949,7630,27318
JMR0950,4584,21812
JMR0953,7832,31395
JMR0954,17921,94608
JMR0955,20295,60000
JMR0956,1725,66389
JMR0957,11567,38675
JMR0958,40088,139392
JMR0959,12543,42579
JMR0960,5527,46920
JMR0961,8397,39904
JMR0962,11672,54390
JMR0963,7237,31059
JMR0964,10926,52768
JMR0965,4923,28130
JMR0966,10064,47260
JMR0967,4688,31388
JMR0968,15836,51706
JMR0970,26452,104800
JMR0971,8395,46460
JMR0976,1551,20140
JMR0977,13082,328202
JMR0978,5427,328202
JMR0979,31505,103683
JMR0980,3688,20880
JMR0981,3424,19964
JMR0983,24832,80478
JMR0985,10963,328202
JMR0987,2995,23226
JMR0988,26371,67089
JMR0989,8110,46170
JMR0990,2092,20374
JMR0991,15007,48906
JMR0992,16978,46620
JMR0993,4366,22914
JMR0994,13201,37664
JMR0995,11821,328202
JMR0996,4296,23184
JMR0998,414,14375
JMR0999,8204,34694
JMR1001,17201,74760
JMR1002,6672,30250
JMR1004,43911,133892
JMR1005,1913,14763
JMR1006,8796,328202
JMR1008,8840,45384
JMR1009,9112,40500
JMR1010,5240,23316
JMR1011,13924,328202
JMR1013,24896,73629
JMR1015,25663,74000
JMR1016,29329,110600
JMR1017,115,13680
JMR1018,7597,29106
JMR1020,6766,29155
JMR1021,6286,30753
JMR1022,6409,33625
JMR1023,26366,73440
JMR1025,8047,54332
JMR1026,9617,31897
JMR1027,4049,27183
JMR1028,3816,28914
JMR1029,18564,57368
JMR1030,33146,126999
JMR1031,10530,40455
JMR1032,5211,25410
JMR1034,8401,33552
JMR1035,9955,38364
JMR1037,8815,32565
JMR1040,2805,24570
JMR1041,17619,154368
JMR1042,15819,72000
JMR1043,24920,96096
JMR1044,4352,23205
JMR1045,7487,43600
JMR1046,3308,18120
JMR1047,9466,36888
JMR1048,10937,47610
JMR1049,14664,51759
JMR1050,13062,53464
JMR1051,19447,54060
JMR1053,10900,39270
JMR1054,3645,27200
JMR1055,2092,74290
JMR1056,9793,50600
JMR1057,26236,63648
JMR1058,7776,42930
JMR1059,13609,52438
JMR1061,22114,62965
JMR1063,28316,87696
JMR1064,8424,93436
JMR1065,11486,328202
JMR1068,18709,51300
JMR1069,26196,105244
JMR1070,5529,25944
JMR1071,14703,92302
JMR1072,12715,210345
JMR1073,6554,28420
JMR1074,7410,30051
JMR1075,23828,111805
JMR1076,11564,44394
JMR1077,11672,50715
JMR1080,4113,23520
JMR1081,28876,88944
JMR1082,25029,78642
JMR1085,8584,33825
JMR1086,21297,328202
JMR1087,1526,57088
JMR1089,17242,56446
JMR1090,14420,57305
JMR1091,11011,40767
JMR1092,7008,65260
JMR1093,380,17284
JMR1094,23976,64470
JMR1095,43362,150060
JMR1096,5625,33884
JMR1097,3244,30210
JMR1098,8390,47940
JMR1099,24016,76504
JMR1100,1002,18540
JMR1101,2546,15990
JMR1102,26963,76194
JMR1103,9601,42480
JMR1104,10534,328202
JMR1107,4449,36400
JMR1108,44868,153900
JMR1109,1312,26565
JMR1110,13220,41895
JMR1111,23361,328202
JMR1112,6827,32800
JMR1114,7040,29250
JMR1116,15861,51824
JMR1117,14654,75542
JMR1118,14988,47705
JMR1121,4356,24336
JMR1123,27540,66600
JMR1124,42306,112896
JMR1125,10894,40527
JMR1126,22371,73444
JMR1127,692,19170
JMR1129,46445,103376
JMR1131,17333,75341
JMR1132,5397,33667
JMR1133,23683,328202
JMR1134,16529,44275
JMR1135,23747,77604
JMR1136,8685,73876
JMR1137,2707,18995
JMR1138,3354,26772
JMR1140,3710,24360
JMR1141,18590,71857
JMR1143,21930,328202
JMR1144,36132,124310
JMR1145,15393,59796
JMR1148,13771,328202
JMR1150,23315,131705
JMR1151,3103,149283
JMR1152,31416,328202
JMR1153,52105,106652
JMR1154,8509,30750
JMR1156,20819,67626
JMR1157,16926,66203
JMR1158,24649,84474
JMR1159,21778,66504
JMR1160,384,8272
JMR1161,10151,42768
JMR1163,15736,44807
JMR1164,6966,31122
JMR1165,30907,105560
JMR1166,38349,90288
JMR1167,2377,21432
JMR1168,37109,104598
JMR1171,33726,79989
JMR1172,21144,64030
JMR1173,9412,44370
JMR1174,3731,25984
JMR1175,3319,53550
JMR1176,25653,95456
JMR1177,26335,90721
JMR1178,1191,23672
JMR1182,12533,38720
JMR1183,14993,49600
JMR1184,6540,31600
JMR1185,22379,60237
JMR1186,50932,328202
JMR1187,1620,16100
JMR1189,7178,28050
JMR1190,6766,90872
JMR1191,3554,22002
JMR1192,33427,129870
JMR1194,10851,48923
JMR1195,8094,42196
JMR1197,45832,137706
JMR1198,7972,41004
JMR1199,1909,328202
JMR1200,14741,73206
JMR1201,7529,45657
JMR1202,7266,104488
JMR1203,2812,25197
JMR1204,7742,52430
JMR1206,8061,28914
JMR1207,9319,34344
JMR1208,8459,32680
JMR1209,44924,183261
JMR1211,2398,15827
JMR1212,3646,26004
JMR1213,8931,31889
JMR1217,1857,21470
JMR1218,47242,149093
JMR1219,21262,64000
JMR1220,7810,38151
JMR1221,17054,73392
JMR1223,8265,31265
JMR1224,19796,69384
JMR1225,6291,28625
JMR1226,39251,89518
JMR1228,4596,28457
JMR1230,5704,36743
JMR1232,3458,29045
JMR1235,10077,45342
JMR1236,19999,54936
JMR1238,29282,328202
JMR1239,12917,53956
JMR1240,60836,328202
JMR1241,38265,97680
JMR1242,32717,120414
JMR1243,32793,106875
JMR1244,12621,50700
JMR1248,17668,99036
JMR1250,7246,40586
JMR1251,18240,61425
JMR1252,9838,44736
JMR1253,6183,35055
JMR1255,1443,18837
JMR1256,63,11312
JMR1257,42142,151096
JMR1259,13487,104622
JMR1261,41698,328202
JMR1266,33439,99193
JMR1268,3502,23856
JMR1269,2660,34827
JMR1271,15291,49335
JMR1272,30085,72152
JMR1275,7355,43430
JMR1276,2936,45100
JMR1277,3383,24150
JMR1278,32271,102029
JMR1279,5916,25403
JMR1282,30295,143810
JMR1283,10832,37506
JMR1284,7381,49500
JMR1285,6569,31320
JMR1287,4698,63147
JMR1290,32473,82926
JMR1291,6213,24883
JMR1292,14007,60320
JMR1293,160,6560
JMR1295,9384,72390
JMR1298,663,16170
JMR1299,6423,27263
JMR1301,14118,41238
JMR1302,33960,100082
JMR1303,2601,28558
JMR1304,20917,75348
JMR1305,2756,18600
JMR1307,2902,30960
JMR1309,51682,108486
JMR1311,4062,32064
JMR1313,12327,40680
JMR1314,9989,64614
JMR1315,14250,60000
JMR1316,25422,74580
JMR1319,8331,44496
JMR1320,8357,32039
JMR1323,18144,82280
JMR1325,21517,67158
JMR1326,24174,96813
JMR1327,74965,183210
JMR1328,10441,46222
JMR1329,32440,96302
JMR1330,31594,84862
JMR1331,39890,89790
JMR1332,5398,31160
JMR1334,7001,47276
JMR1338,1550,20586
JMR1339,27573,101412
JMR1340,22064,73700
JMR1341,47594,101750
JMR1342,15524,51156
JMR1345,50272,106380
JMR1347,10539,46330
JMR1348,45657,176906
JMR1349,51538,92504
JMR1352,19790,328202
JMR1353,4742,28565
JMR1354,7247,28223
JMR1355,25499,94010
JMR1358,24795,70422
JMR1359,20606,84252
JMR1360,4688,40936
JMR1361,7723,36672
JMR1362,8659,51308
JMR1363,8555,39610
JMR1364,58548,114243
JMR1365,45454,146962
JMR1366,1596,20992
JMR1367,37732,96096
JMR1368,12032,47565
JMR1369,38665,126036
JMR1370,20293,52864
JMR1371,11484,115028
JMR1372,3161,70418
JMR1373,2918,18923
JMR1375,7826,35040
JMR1376,10833,43337
JMR1377,10647,62909
JMR1378,8196,35685
JMR1379,44876,134940
JMR1382,10516,63714
JMR1383,58954,131296
JMR1385,20751,72312
JMR1386,8170,30338
JMR1387,27092,65688
JMR1388,24089,108265
JMR1390,9714,67200
JMR1391,5574,29568
JMR1392,7097,43681
JMR1393,33498,140561
JMR1394,8659,35109
JMR1395,4757,38502
JMR1398,1724,19656
JMR1399,7474,29205
JMR1400,8518,42784
JMR1401,27072,69620
JMR1403,292,21140
JMR1404,43521,130410
JMR1405,15790,54648
JMR1406,3343,27004
JMR1407,6668,39078
JMR1409,61772,123192
JMR1410,19693,68970
JMR1411,13744,58760
JMR1412,3206,40014
JMR1414,7275,38824
JMR1415,27083,126060
JMR1416,7130,30895
JMR1417,13230,46350
JMR1418,6119,27477
JMR1419,21694,64605
JMR1420,2897,27777
JMR1422,50581,96922
JMR1423,13722,43340
JMR1424,31251,105264
JMR1425,33524,144992
JMR1426,24852,151578
JMR1427,6276,32636
JMR1428,28102,67184
JMR1429,17467,46690
JMR1430,13276,61074
JMR1431,19994,67320
JMR1433,9714,40890
JMR1434,29628,105028
JMR1435,20750,52796
JMR1438,23397,328202
JMR1439,20616,67334
JMR1440,16179,52800
JMR1441,15148,90168
JMR1444,11699,37682
JMR1445,11534,50544
JMR1446,13014,43896
JMR1447,9781,35904
JMR1449,14642,42354
JMR1450,13128,39672
JMR1451,15320,76752
JMR1452,29010,88631
JMR1454,23810,115575
JMR1456,3729,38403
JMR1459,4690,28912
JMR1460,9675,95274
JMR1461,58283,146568
JMR1463,6173,28290
JMR1465,34162,84552
JMR1466,32944,123375
JMR1467,16929,65895
JMR1468,15519,64025
JMR1469,17597,66717
JMR1470,13203,49560
JMR1472,1831,16600
JMR1473,25580,71148
JMR1474,78294,145097
JMR1477,11780,61236
JMR1478,17371,63388
JMR1480,6011,32528
JMR1481,25999,97200
JMR1482,7272,37922
JMR1483,38638,89570
JMR1484,1143,31862
JMR1485,60082,148932
JMR1486,1738,26520
JMR1488,10896,58649
JMR1490,10356,36248
JMR1491,16869,54960
JMR1493,38395,127872
JMR1497,7434,59730
JMR1498,42855,104841
JMR1499,2324,61152
JMR1500,15725,58581
JMR1501,16577,60088
JMR1502,14804,48461
JMR1505,17640,328202
JMR1508,31450,121875
JMR1509,6736,27482
JMR1510,38127,110600
JMR1511,64554,170602
JMR1512,30142,80372
JMR1514,4760,25155
JMR1515,38135,88228
JMR1516,4134,27348
JMR1517,36716,130340
JMR1518,14972,52402
JMR1519,37969,143810
JMR1520,8068,29225
JMR1523,30187,120498
JMR1524,5196,22792
JMR1525,7546,31044
JMR1527,4082,22509
JMR1528,9962,40368
JMR1529,12481,55440
JMR1531,9432,42496
JMR1535,20019,82134
JMR1536,39965,302022
JMR1537,8064,185736
JMR1538,44685,103088
JMR1539,16519,57732
JMR1541,38500,97344
JMR1542,4411,23560
JMR1543,49384,125132
JMR1547,63329,328202
JMR1550,3670,28525
JMR1551,4307,24108
JMR1552,14458,56420
JMR1553,1246,126728
JMR1554,9523,42418
JMR1555,19147,75544
JMR1556,81211,181506
JMR1557,49279,253736
JMR1558,23720,97790
JMR1559,9669,57024
JMR1562,9596,32076
JMR1563,14331,137640
JMR1564,11451,43442
JMR1567,110538,215460
JMR1570,11875,94620
JMR1571,5184,39000
JMR1573,67251,211578
JMR1574,8459,138618
JMR1575,7848,41396
JMR1576,5533,95340
JMR1577,12555,49728
JMR1578,4586,23736
JMR1579,4029,22005
JMR1581,57515,169420
JMR1583,66664,328202
JMR1584,2866,19800
JMR1586,5424,34965
JMR1587,21354,65520
JMR1588,9490,92496
JMR1589,7493,30798
JMR1592,18484,69615
JMR1593,9485,38613
JMR1594,40625,104139
JMR1595,2229,16308
JMR1596,2031,18221
JMR1599,42424,121204
JMR1606,5279,24752
JMR1607,10041,43008
JMR1608,33352,83139
JMR1609,47384,114330
JMR1610,26275,61272
JMR1611,49472,156812
JMR1612,7012,31600
JMR1613,4558,51830
JMR1614,13962,41358
JMR1615,8039,33858
JMR1616,20106,94806
JMR1617,12924,80568
JMR1618,29155,68002
JMR1619,10071,79968
JMR1620,9049,51660
JMR1621,7321,37430
JMR1625,5237,328202
JMR1626,5879,25740
JMR1627,3506,18415
JMR1628,2595,18802
JMR1629,2615,328202
JMR1631,26033,328202
JMR1632,22984,85324
JMR1633,11409,44030
JMR1634,15733,328202
JMR1635,27093,328202
JMR1636,5866,29880
JMR1637,23229,59364
JMR1638,65398,302022
JMR1640,11399,46812
JMR1641,8753,44620
JMR1643,11522,61235
JMR1644,60359,328202
JMR1645,52971,184386
JMR1646,2000,20944
JMR1649,10330,40755
JMR1650,34512,85988
JMR1653,33096,328202
JMR1655,37054,88911
JMR1656,14205,38640
JMR1657,14018,41583
JMR1658,11412,49533
JMR1659,34580,86112
JMR1660,8101,46320
JMR1661,11859,328202
JMR1662,1840,28424
JMR1665,3755,20862
JMR1666,31577,328202
JMR1668,45662,95116
JMR1669,4895,22240
JMR1670,34140,93119
JMR1672,30070,328202
JMR1674,2437,56070
JMR1676,11008,35657
JMR1677,29992,328202
JMR1684,20252,65095
JMR1685,20306,54936
JMR1686,54994,212436
JMR1687,25430,72842
JMR1688,52028,140304
JMR1689,11878,328202
JMR1690,3527,22983
JMR1692,4803,33604
JMR1693,6132,33687
JMR1695,7289,34277
JMR1696,52311,121290
JMR1697,14014,53966
JMR1699,26069,95734
JMR1700,22349,128656
JMR1701,12104,45236
JMR1702,16457,45715
JMR1705,16610,49920
JMR1708,13897,47730
JMR1709,8891,52000
JMR1710,13889,77488
JMR1712,12014,57230
JMR1713,1129,12650
JMR1714,41055,105350
JMR1715,8120,32016
JMR1716,7268,28985
JMR1717,19639,60882
JMR1718,9851,40330
JMR1719,4523,49664
JMR1720,4506,20868
JMR1722,12377,53352
JMR1724,11692,53010
JMR1725,34062,328202
JMR1726,11588,42273
JMR1727,17667,53126
JMR1728,37298,328202
JMR1729,9217,75922
JMR1730,13785,63650
JMR1731,3057,37926
JMR1732,10167,46487
JMR1734,1229,49704
JMR1735,26910,64655
JMR1736,31989,328202
JMR1738,785,328202
JMR1739,82426,328202
JMR1740,101942,219458
JMR1741,40006,133920
JMR1742,39090,101654
JMR1744,3920,23495
JMR1745,17326,62059
JMR1746,3556,30653
JMR1748,378,8428
JMR1749,43481,95088
JMR1750,10301,37584
JMR1751,12847,43677
JMR1752,14174,59772
JMR1753,12343,46464
JMR1754,27806,131240
JMR1755,757,13677
JMR1756,43976,96813
JMR1757,4402,23184
JMR1758,4907,31325
JMR1760,2876,27048
JMR1761,8592,50303
JMR1762,7148,40762
JMR1763,1330,20000
JMR1764,60957,206456
JMR1765,1141,23826
JMR1766,23229,74536
JMR1767,16149,107260
JMR1768,17564,84074
JMR1769,8794,31400
JMR1770,4093,95367
JMR1771,31726,98704
JMR1772,2933,20064
JMR1773,108904,192666
JMR1774,13536,92092
JMR1778,12945,328202
JMR1780,3219,22644
JMR1781,20530,87352
JMR1782,16532,63756
JMR1783,1042,22018
JMR1784,10072,63511
JMR1785,46648,129596
JMR1786,12405,70060
JMR1787,1963,16830
JMR1788,15491,83460
JMR1789,12187,55480
JMR1790,9356,64881
JMR1791,16261,47058
JMR1792,22339,68327
JMR1793,3591,27334
JMR1794,88469,223004
JMR1795,10892,49163
JMR1796,42939,328202
JMR1797,26526,131019
JMR1798,32190,90856
JMR1800,5539,32185
JMR1802,9475,41768
JMR1803,70599,142992
JMR1805,11734,47285
JMR1806,40243,93860
JMR1807,19108,66511
JMR1808,7425,82775
JMR1809,54751,328202
JMR1810,1251,17391
JMR1811,2644,26544
JMR1813,4474,54940
JMR1814,25001,83538
JMR1815,15658,52250
JMR1818,26792,64904
JMR1819,14715,58528
JMR1820,11917,58275
JMR1821,15269,50688
JMR1822,10123,47838
JMR1823,32272,132848
JMR1824,31754,145248
JMR1825,51375,135939
JMR1826,4503,26847
JMR1827,15514,46652
JMR1828,13529,59675
JMR1829,22855,66124
JMR1830,65979,134088
JMR1831,31779,79596
JMR1832,4805,35250
JMR1833,3511,31850
JMR1834,14512,63484
JMR1835,4751,59250
JMR1836,88800,328202
JMR1837,12732,43931
JMR1840,21380,73164
JMR1841,24172,64856
JMR1842,60288,133595
JMR1843,7598,28525
JMR1845,15266,50995
JMR1846,21710,65536
JMR1847,24993,87420
JMR1849,15691,61984
JMR1851,11808,59750
JMR1852,2981,328202
JMR1854,17405,59220
JMR1855,7209,27115
JMR1857,22714,84180
JMR1858,9213,43092
JMR1859,22304,78776
JMR1860,18635,57684
JMR1862,24512,61152
JMR1863,10764,38950
JMR1864,85907,216306
JMR1865,4107,24570
JMR1867,22999,99847
JMR1868,18933,46607
JMR1869,20537,58395
JMR1870,9674,79110
JMR1872,20825,51143
JMR1874,8331,33567
JMR1877,16090,49707
JMR1878,35281,85680
JMR1879,1275,17992
JMR1880,21290,121905
JMR1881,44832,136922
JMR1883,9319,77520
JMR1884,2685,34170
JMR1885,23554,63000
JMR1886,8463,36267
JMR1887,8694,37312
JMR1888,31434,134736
JMR1889,10090,36924
JMR1890,4199,36160
JMR1891,22650,103228
JMR1893,10137,34476
JMR1894,18024,95790
JMR1895,5624,75756
JMR1896,54739,136372
JMR1900,25131,63072
JMR1901,13628,45269
JMR1903,27989,77959
JMR1906,566,12312
JMR1907,4682,34726
JMR1908,19488,79056
JMR1910,79894,166734
JMR1912,12351,53800
JMR1915,10272,41567
JMR1916,20193,89320
JMR1918,4929,31806
JMR1919,2162,72325
JMR1922,46572,328202
JMR1923,5406,32560
JMR1924,15061,48165
JMR1925,17342,49560
JMR1927,3694,19479
JMR1928,78285,157728
JMR1929,80635,174148
JMR1930,20978,67568
JMR1931,7122,46080
JMR1934,95200,328202
JMR1936,2843,19865
JMR1937,62350,182422
JMR1938,19657,84458
JMR1939,78697,166440
JMR1941,8605,55296
JMR1943,2564,24897
JMR1944,1627,24420
JMR1946,15803,74130
JMR1947,7568,40765
JMR1948,34443,95312
JMR1949,17011,92008
JMR1950,11928,64351
JMR1951,9292,35358
JMR1952,7090,50304
JMR1953,57426,183210
JMR1955,71960,170800
JMR1956,17574,99234
JMR1957,20244,82482
JMR1958,1343,18200
JMR1960,63530,328202
JMR1961,52515,221822
JMR1962,48236,154882
JMR1966,20664,66405
JMR1967,14860,59007
JMR1968,6390,26488
JMR1969,45276,328202
JMR1970,11124,164611
JMR1971,47096,328202
JMR1972,11077,73292
JMR1973,29194,75858
JMR1975,7403,28952
JMR1976,9678,37944
JMR1977,67171,176118
JMR1979,45508,139870
JMR1980,18767,88128
JMR1983,4702,23226
JMR1984,98562,207638
JMR1985,36860,97674
JMR1987,13336,40775
JMR1988,3724,108405
JMR1989,8011,60088
JMR1990,1360,17792
JMR1992,11813,37620
JMR1993,40710,328202
JMR1995,14044,46056
JMR1996,54770,302022
JMR1997,6931,79534
JMR2001,13224,72275
JMR2002,6539,26718
JMR2003,7841,28560
JMR2005,17133,52208
JMR2006,31711,328202
JMR2007,18664,86394
JMR2008,44224,109582
JMR2012,24943,86172
JMR2013,3974,64800
JMR2014,7252,63960
JMR2016,10335,50516
JMR2017,49789,161146
JMR2018,10758,47988
JMR2019,9474,55776
JMR2022,42160,128832
JMR2023,23807,59648
JMR2024,8941,32035
JMR2025,6694,30856
JMR2029,33534,84760
JMR2030,28777,85239
JMR2031,45697,173824
JMR2032,3807,21156
JMR2034,38673,95550
JMR2036,7375,47520
JMR2037,1440,26732
JMR2038,2782,17290
JMR2039,8387,328202
JMR2041,1439,21423
JMR2042,10849,82211
JMR2044,5601,48265
JMR2045,28882,170950
JMR2046,25199,96624
JMR2047,50353,127764
JMR2048,2676,34750
JMR2050,103495,203320
JMR2051,3895,48516
JMR2053,11977,39010
JMR2054,12931,104550
JMR2055,11661,40446
JMR2057,38307,101775
JMR2058,5033,38512
JMR2060,13138,41440
JMR2061,24873,76130
JMR2063,8653,32465
JMR2064,14965,46116
JMR2065,14898,328202
JMR2066,16445,73150
JMR2067,13663,97458
JMR2068,61959,120153
JMR2070,7943,37000
JMR2071,231,36663
JMR2072,6086,38016
JMR2073,30433,76700
JMR2075,6633,34398
JMR2077,64675,131528
JMR2078,13002,40179
JMR2081,961,11500
JMR2084,7484,39528
JMR2085,1682,38880
JMR2086,94820,328202
JMR2087,17318,55311
JMR2088,8986,65424
JMR2089,44254,112917
JMR2092,18649,49302
JMR2095,34049,94188
JMR2096,16682,89614
JMR2098,974,26015
JMR2102,6441,28545
JMR2103,35798,97812
JMR2107,14395,47686
JMR2108,15892,44368
JMR2109,9265,38014
JMR2111,99675,217488
JMR2112,496,18909
JMR2114,3690,56635
JMR2116,42636,119238
JMR2117,21758,70516
JMR2118,35123,118272
JMR2119,12587,72243
JMR2120,15113,71383
JMR2121,25669,93434
JMR2123,20222,84128
JMR2124,31830,135720
JMR2125,15165,60416
JMR2126,24315,66316
JMR2127,68000,176118
JMR2129,5663,58354
JMR2130,36810,131220
JMR2132,24895,64818
JMR2133,3910,19803
JMR2134,68963,158525
JMR2135,56143,126474
JMR2136,52824,144720
JMR2137,3355,25754
JMR2138,20471,123504
JMR2141,2282,23074
JMR2142,13627,60944
JMR2145,11620,42098
JMR2146,8571,104380
JMR2147,24110,100005
JMR2149,15394,46689
JMR2151,23377,193050
JMR2153,46941,106128
JMR2154,26087,107856
JMR2156,11505,64024
JMR2159,2906,43056
JMR2160,30852,72988
JMR2161,7907,30653
JMR2162,5029,26312
JMR2163,1161,17526
JMR2164,3718,26901
JMR2165,8274,42784
JMR2166,321,16625
JMR2167,73660,154786
JMR2171,10667,41134
JMR2173,15900,109365
JMR2175,31224,328202
JMR2176,52815,167450
JMR2177,2721,18204
JMR2178,11594,47538
JMR2179,31672,103395
JMR2180,9443,35343
JMR2182,22449,328202
JMR2183,11923,58056
JMR2185,7402,33069
JMR2188,1894,27531
JMR2189,6436,125670
JMR2190,16575,53568
JMR2191,68629,137632
JMR2193,2853,32835
JMR2194,76465,204194
JMR2195,23780,92415
JMR2196,6278,73863
JMR2198,12535,38064
JMR2200,21512,60030
JMR2201,13455,46989
JMR2202,2825,328202
JMR2203,11966,50232
JMR2204,10845,36562
JMR2205,22028,56990
JMR2206,55257,148630
JMR2207,15642,51614
JMR2208,11241,43132
JMR2209,30827,136422
JMR2210,8889,76629
JMR2211,12220,42160
JMR2212,3039,39933
JMR2213,14365,42828
JMR2214,12683,328202
JMR2215,18589,68359
JMR2217,812,12600
JMR2218,31749,100080
JMR2219,10632,42300
JMR2220,356,13910
JMR2221,54083,154030
JMR2222,3305,25935
JMR2223,19642,82620
JMR2224,12045,52020
JMR2225,20224,92400
JMR2226,21771,56012
JMR2227,5883,26576
JMR2228,40066,149370
JMR2229,16389,67965
JMR2230,6031,29785
JMR2231,1222,25960
JMR2232,8289,34540
JMR2233,68404,199206
JMR2234,4528,59228
JMR2236,7692,51992
JMR2237,3573,32185
JMR2238,14437,51315
JMR2240,3128,38016
JMR2241,66529,149526
JMR2242,17327,328202
JMR2243,6755,31073
JMR2244,7371,30690
JMR2245,43144,100206
JMR2246,28116,102846
JMR2247,59192,129024
JMR2248,41917,302022
JMR2249,7210,302022
JMR2250,25255,81468
JMR2251,31497,90160
JMR2253,2282,28792
JMR2254,697,27468
JMR2255,2965,40664
JMR2256,7447,47432
JMR2257,6696,34850
JMR2258,12974,52437
JMR2261,6591,103392
JMR2262,11465,35190
JMR2263,16498,66294
JMR2264,43928,111192
JMR2266,10743,43920
JMR2267,28042,80674
JMR2268,38057,302022
JMR2269,5439,32752
JMR2270,9589,32745
JMR2271,13854,51000
JMR2272,3046,36380
JMR2273,11296,302022
JMR2275,517,11025
JMR2276,1939,20375
JMR2277,3992,40976
JMR2278,8776,30544
JMR2279,51899,119355
JMR2281,11013,190686
JMR2282,64118,328202
JMR2283,8835,35854
JMR2286,1087,115116
JMR2288,23773,75366
JMR2290,5845,38880
JMR2291,56292,139082
JMR2292,32336,101568
JMR2293,18403,77775
JMR2295,10225,45067
JMR2297,34849,100320
JMR2298,17115,51022
JMR2300,112033,199364
JMR2301,49302,147441
JMR2302,72996,138484
JMR2304,15512,55188
JMR2305,17456,50760
JMR2306,12720,44232
JMR2307,1528,302022
JMR2308,9544,73800
JMR2309,17489,49725
JMR2310,47928,302022
JMR2312,19971,328202
JMR2313,6722,38728
JMR2314,22498,64350
JMR2315,7318,29892
JMR2316,20685,106392
JMR2317,45969,183604
JMR2318,116016,302022
JMR2319,1382,36960
JMR2320,62348,302022
JMR2322,40156,105792
JMR2323,5036,26169
JMR2325,70721,158388
JMR2326,57941,124950
JMR2327,3227,23664
JMR2329,7440,302022
JMR2330,8877,42173
JMR2331,29646,69052
JMR2332,19574,55552
JMR2333,4791,36540
JMR2334,61542,146250
JMR2335,34404,328202
JMR2340,24186,74340
JMR2342,36833,112895
JMR2343,9493,60452
JMR2344,17589,302022
JMR2345,17374,71568
JMR2346,609,15729
JMR2347,38447,119133
JMR2349,583,13530
JMR2350,12211,39176
JMR2351,36151,102025
JMR2354,4171,21294
JMR2356,14801,70052
JMR2357,6118,31812
JMR2358,39025,302022
JMR2359,24462,65330
JMR2360,16044,61608
JMR2361,52270,167700
JMR2362,4628,23214
JMR2363,22476,302022
JMR2364,55280,328202
JMR2365,40218,94432
JMR2371,1344,30300
JMR2372,6943,302022
JMR2374,75029,154050
JMR2375,35483,111858
JMR2376,28632,77499
JMR2377,89236,162624
JMR2378,16885,81474
JMR2379,3721,21679
JMR2380,10718,40420
JMR2382,5989,32436
JMR2383,4591,21594
JMR2384,743,10710
JMR2385,119733,211380
JMR2386,81854,328202
JMR2387,13487,62304
JMR2388,18989,51983
JMR2390,65543,151792
JMR2391,7260,39728
JMR2392,16941,65892
JMR2393,7162,31668
JMR2394,425,11536
JMR2395,17784,46800
JMR2396,11826,67320
JMR2397,40200,150960
JMR2398,58168,163885
JMR2399,12231,55917
JMR2400,16049,66464
JMR2401,21832,59400
JMR2402,22686,99195
JMR2403,123704,215124
JMR2404,6256,52668
JMR2406,34156,146680
JMR2408,34397,131535
JMR2409,23405,328202
JMR2410,34494,93075
JMR2411,22208,70448
JMR2412,30807,92750
JMR2414,15305,302022
JMR2415,33158,81792
JMR2416,36360,80456
JMR2417,732,9858
JMR2418,12117,47436
JMR2420,1895,18270
JMR2421,17744,302022
JMR2422,42132,134400
JMR2423,5739,29072
JMR2424,122915,302022
JMR2425,17230,64512
JMR2426,28426,80073
JMR2427,11728,43052
JMR2428,4522,21666
JMR2429,5289,28608
JMR2430,15578,52324
JMR2431,19100,79900
JMR2432,7066,42585
JMR2433,11858,50700
JMR2435,9864,104975
JMR2437,10290,33540
JMR2438,10852,54216
JMR2440,13355,61640
JMR2441,6253,61544
JMR2442,13060,46330
JMR2443,4543,42084
JMR2446,9532,36874
JMR2448,8392,302022
JMR2450,21315,134589
JMR2451,2235,26368
JMR2452,60018,122304
JMR2453,34140,96768
JMR2455,11811,40385
JMR2456,14588,50976
JMR2457,43458,328202
JMR2458,19586,56496
JMR2459,9063,34170
JMR2460,2820,54027
JMR2461,64992,164977
JMR2465,16381,49680
JMR2467,4345,26331
JMR2470,31870,95680
JMR2472,43019,93600
JMR2473,12203,42210
JMR2474,1740,24102
JMR2475,36457,95865
JMR2476,17481,66906
JMR2477,15491,63648
JMR2478,11432,73365
JMR2479,6750,31610
JMR2480,99873,185968
JMR2482,13329,45202
JMR2483,66440,161934
JMR2484,2909,18415
JMR2485,17626,56772
JMR2486,21380,117549
JMR2487,6527,27853
JMR2488,2756,31232
JMR2489,26508,74130
JMR2490,29990,65455
JMR2491,50654,121770
JMR2494,6274,27383
JMR2495,5360,25575
JMR2496,4722,35482
JMR2497,44470,102060
JMR2498,29656,302022
JMR2499,16501,60725
JMR2500,437,16768
JMR2502,14932,47775
JMR2503,846,13287
JMR2504,1325,38250
JMR2505,3567,36015
JMR2506,11290,37149
JMR2507,13620,72192
JMR2508,8291,46031
JMR2509,6934,29400
JMR2510,35811,127145
JMR2511,13880,302022
JMR2512,18977,54201
JMR2513,672,20400
JMR2515,27360,69250
JMR2517,21913,328202
JMR2518,19552,66990
JMR2520,8657,33687
JMR2521,13279,39006
JMR2522,12878,44556
JMR2523,20125,69088
JMR2524,79387,154080
JMR2525,30371,85579
JMR2527,34618,97902
JMR2528,30398,144351
JMR2529,18525,65949
JMR2530,6374,33120
JMR2531,18705,97580
JMR2534,8369,28710
JMR2537,4582,302022
JMR2538,31488,156160
JMR2539,7969,33480
JMR2540,9080,29336
JMR2542,20280,78209
JMR2543,17615,302022
JMR2545,33148,139795
JMR2546,5070,61710
JMR2547,11944,48472
JMR2549,4476,33200
JMR2551,33219,73629
JMR2555,14642,52402
JMR2558,45393,104720
JMR2559,25368,82656
JMR2560,22647,71613
JMR2562,1871,302022
JMR2563,4987,33830
JMR2564,3069,19592
JMR2565,10900,40890
JMR2568,26904,302022
JMR2569,4757,55404
JMR2570,36292,149940
JMR2571,28816,302022
JMR2572,1459,41374
JMR2573,10562,36000
JMR2574,9914,136068
JMR2575,4822,24375
JMR2577,13836,74705
JMR2579,5590,302022
JMR2580,11042,37800
JMR2581,18410,53240
JMR2582,18176,121128
JMR2583,45594,109648
JMR2584,36116,88548
JMR2585,2913,16675
JMR2586,53402,215518
JMR2587,14219,55200
JMR2589,7101,33048
JMR2590,19352,65715
JMR2592,56534,142870
JMR2593,52568,137886
JMR2595,80001,169050
JMR2596,33457,114774
JMR2599,37143,87348
JMR2600,4144,33696
JMR2601,84609,188332
JMR2602,10622,40716
JMR2603,18642,59415
JMR2606,43722,163047
JMR2608,54545,126765
JMR2610,3050,33124
JMR2611,42337,91164
JMR2612,5741,26832
JMR2613,7819,32032
JMR2614,353,16287
JMR2615,20068,112395
JMR2616,50553,124338
JMR2618,40513,214730
JMR2620,4060,32160
JMR2622,9778,60456
JMR2624,4648,39732
JMR2626,9210,35037
JMR2627,34223,92675
JMR2628,9459,33630
JMR2629,58973,125670
JMR2630,11155,47918
JMR2632,36602,81507
JMR2633,31665,102410
JMR2634,6633,33440
JMR2635,1469,22866
JMR2636,8745,47025
JMR2638,17374,73150
JMR2639,20893,52972
JMR2641,16646,52800
JMR2642,9058,65740
JMR2643,23439,73023
JMR2644,59913,150360
JMR2645,20832,71390
JMR2646,1164,13871
JMR2648,12681,45724
JMR2649,8926,32072
JMR2650,20387,97929
JMR2652,65913,227338
JMR2653,44595,143570
JMR2654,58773,176995
JMR2655,39663,302022
JMR2656,47796,328202
JMR2657,5995,30267
JMR2658,15792,66006
JMR2659,1133,15840
JMR2663,75883,328202
JMR2665,7076,48694
JMR2666,14323,302022
JMR2667,3681,107400
JMR2668,51104,107575
JMR2669,12713,50544
JMR2670,20172,95220
JMR2671,9930,156570
JMR2672,4978,46256
JMR2673,5853,25662
JMR2674,23944,82992
JMR2675,29634,89512
JMR2676,38767,96192
JMR2677,15166,83166
JMR2679,16592,71424
JMR2681,2385,34545
JMR2685,14729,51273
JMR2686,15664,59944
JMR2687,11800,40320
JMR2688,14658,45353
JMR2689,31271,74382
JMR2691,29390,65500
JMR2692,17016,56610
JMR2693,16085,47244
JMR2695,8970,48090
JMR2697,799,16587
JMR2698,14893,50500
JMR2699,14740,57784
JMR2700,29144,75603
JMR2702,14969,53788
JMR2703,4031,24596
JMR2704,70626,138768
JMR2705,58511,139082
JMR2706,30690,118011
JMR2710,38147,116353
JMR2711,14761,61344
JMR2712,16669,45504
JMR2713,81201,302022
JMR2714,58484,108097
JMR2715,1433,30394
JMR2717,24839,99144
JMR2719,22343,61771
JMR2720,37270,84840
JMR2721,22387,74536
JMR2724,16981,48285
JMR2725,12991,45360
JMR2726,21100,328202
JMR2730,27219,77400
JMR2731,509,9215
JMR2732,5429,35657
JMR2733,82418,215518
JMR2736,6896,30247
JMR2740,12288,85340
JMR2741,24858,302022
JMR2744,48551,101728
JMR2745,4572,24765
JMR2747,26181,302022
JMR2748,6736,31692
JMR2749,7816,30646
JMR2750,15389,50629
JMR2751,12479,42273
JMR2752,35340,98192
JMR2753,9526,47978
JMR2754,43703,101202
JMR2755,25474,63516
JMR2756,24480,62250
JMR2758,18837,55480
JMR2761,13214,56680
JMR2762,26311,114080
JMR2763,47718,110839
JMR2764,22409,59073
JMR2765,7970,34104
JMR2766,33868,93798
JMR2767,47811,163856
JMR2769,58776,134493
JMR2770,34372,328202
JMR2771,43519,138672
JMR2772,47066,170382
JMR2774,17317,302022
JMR2775,13308,46112
JMR2776,28634,77203
JMR2777,69823,302022
JMR2779,15526,51766
JMR2781,23876,94962
JMR2782,2738,34336
JMR2783,13575,47864
JMR2785,27628,302022
JMR2786,32508,107070
JMR2787,43824,302022
JMR2788,1155,42075
JMR2789,6987,37128
JMR2790,9651,45732
JMR2792,11960,60386
JMR2794,117575,302022
JMR2795,20278,60651
JMR2796,29087,302022
JMR2799,15085,302022
JMR2801,23640,146034
JMR2802,14712,52900
JMR2803,13897,64960
JMR2804,3702,153665
JMR2806,61421,189526
JMR2807,25825,68238
JMR2808,67090,137448
JMR2810,11418,302022
JMR2811,11583,75284
JMR2812,24339,328202
JMR2813,48551,302022
JMR2814,9454,115928
JMR2815,754,19250
JMR2816,29429,96096
JMR2817,25262,66660
JMR2819,60042,302022
JMR2820,32920,302022
JMR2821,3118,31400
JMR2822,3062,34383
JMR2823,6517,28944
JMR2824,23014,86636
JMR2825,8339,31488
JMR2826,13129,302022
JMR2827,12907,40824
JMR2828,7029,27740
JMR2830,23351,66640
JMR2831,58346,137577
JMR2832,15049,302022
JMR2834,3852,44226
JMR2835,34781,302022
JMR2836,2512,35200
JMR2839,13024,302022
JMR2840,4911,23256
JMR2841,7332,302022
JMR2842,15084,120818
JMR2845,14431,56640
JMR2846,57314,112847
JMR2847,84456,217488
JMR2848,12928,63000
JMR2849,10857,38409
JMR2851,39160,116615
JMR2852,10782,51090
JMR2854,22053,75446
JMR2855,22303,108851
JMR2857,55082,162120
JMR2858,21711,88447
JMR2859,3069,65472
JMR2860,8380,41172
JMR2861,1294,18040
JMR2862,17644,57739
JMR2863,6829,36239
JMR2865,7034,30738
JMR2866,23665,70180
JMR2868,85943,176512
JMR2869,66731,328202
JMR2870,12420,59840
JMR2871,24027,132924
JMR2872,17182,71760
JMR2873,32029,150410
JMR2874,41763,102588
JMR2875,99303,206010
JMR2876,45908,137360
JMR2877,24170,65905
JMR2879,14490,52318
JMR2880,23294,108702
JMR2881,20765,61908
JMR2882,92080,209608
JMR2884,2035,24966
JMR2885,505,302022
JMR2886,34864,133120
JMR2887,20423,65880
JMR2888,16296,68500
JMR2889,2992,25944
JMR2891,16921,56854
JMR2893,5441,30420
JMR2895,13810,47422
JMR2896,44636,166797
JMR2899,3236,19234
JMR2900,6992,41400
JMR2903,14062,46719
JMR2905,31982,93960
JMR2906,55273,125001
JMR2907,15375,74025
JMR2909,40094,125989
JMR2911,55057,302022
JMR2912,1116,14456
JMR2915,18535,96250
JMR2916,8148,29318
JMR2917,5328,24236
JMR2918,29317,93922
JMR2919,31843,84915
JMR2920,1140,31284
JMR2922,58815,190190
JMR2923,30207,105592
JMR2925,17230,51188
JMR2926,5465,25398
JMR2929,11958,54648
JMR2930,3311,68343
JMR2931,3948,19656
JMR2932,1328,13420
JMR2933,9284,37430
JMR2934,30730,97658
JMR2935,18639,95265
JMR2936,1363,25245
JMR2937,19571,63954
JMR2938,7270,32548
JMR2940,22045,72732
JMR2941,7599,31916
JMR2943,921,19998
JMR2945,36094,108619
JMR2946,59383,302022
JMR2948,9886,58322
JMR2949,24170,69138
JMR2950,12011,45627
JMR2951,32324,87132
JMR2952,5088,38012
JMR2953,18820,129599
JMR2954,9119,39032
JMR2955,13545,40992
JMR2956,3817,23800
JMR2957,5666,25125
JMR2958,99316,224186
JMR2960,77823,155625
JMR2963,59320,109480
JMR2968,16460,95604
JMR2969,15444,43811
JMR2970,23877,137462
JMR2972,21159,62775
JMR2973,11416,38021
JMR2974,2143,15984
JMR2975,68959,144336
JMR2976,24291,137144
JMR2977,12142,49000
JMR2978,9957,104855
JMR2979,39894,146940
JMR2980,6459,75763
JMR2981,75270,148954
JMR2982,21516,84372
JMR2983,29952,82626
JMR2984,1305,32984
JMR2986,719,11328
JMR2987,9621,51150
JMR2988,11339,77810
JMR2990,12944,96945
JMR2992,44116,116412
JMR2993,655,14632
JMR2994,8018,28864
JMR2995,5335,302022
JMR2996,28222,75888
JMR2999,6122,46260
JMR3000,39969,302022
JMR3003,2034,14125
JMR3004,13113,41625
JMR3005,47616,115640
JMR3006,1300,13734
JMR3009,8692,42174
JMR3010,44727,99056
JMR3011,8120,50400
JMR3012,2098,21420
JMR3013,35936,85214
JMR3014,6411,48510
JMR3015,7120,31464
JMR3016,18317,54900
JMR3018,16593,53088
JMR3021,10033,38038
JMR3023,32799,131316
JMR3025,51863,174542
JMR3026,5599,24381
JMR3028,3290,33165
JMR3029,18074,79220
JMR3031,5407,27594
JMR3032,12647,52052
JMR3033,69272,135303
JMR3037,23281,60960
JMR3038,106860,207282
JMR3040,17918,133176
JMR3041,48374,130471
JMR3042,14527,67184
JMR3043,37969,128444
JMR3045,70331,143380
JMR3046,20230,59640
JMR3048,12217,50908
JMR3049,11575,51146
JMR3050,5573,60822
JMR3051,26382,67196
JMR3054,1771,26712
JMR3055,8046,45753
JMR3056,49872,133200
JMR3058,37906,328202
JMR3059,46425,131029
JMR3060,7346,53985
JMR3061,11131,59950
JMR3062,7214,57750
JMR3063,23573,66462
JMR3065,99147,210790
JMR3066,37432,125647
JMR3067,814,20394
JMR3068,35201,83080
JMR3070,1998,15048
JMR3071,627,20400
JMR3072,40210,102660
JMR3073,4432,36278
JMR3074,59945,129750
JMR3075,37451,91806
JMR3076,12767,48204
JMR3078,13836,328202
JMR3079,15866,81395
JMR3080,63916,328202
JMR3082,50542,147900
JMR3083,27511,81699
JMR3085,12301,46563
JMR3088,935,15222
JMR3089,95637,328202
JMR3090,650,22127
JMR3092,79115,302022
JMR3093,19310,69316
JMR3094,843,29190
JMR3095,10738,34344
JMR3096,52310,124548
JMR3097,13577,60016
JMR3098,121574,328202
JMR3099,23852,92015
JMR3100,7031,43660
JMR3101,3701,21156
JMR3102,22013,302022
JMR3104,9700,45269
JMR3107,6988,49215
JMR3108,6631,36540
JMR3109,11809,302022
JMR3110,5558,46336
JMR3111,35784,302022
JMR3113,41008,132587
JMR3114,10306,302022
JMR3115,100169,328202
JMR3116,9448,40362
JMR3117,4875,23309
JMR3119,56866,138726
JMR3120,5814,35400
JMR3122,42123,110289
JMR3123,29418,103846
JMR3125,44472,152872
JMR3127,43776,151240
JMR3128,62971,127008
JMR3132,28621,90109
JMR3133,2373,30326
JMR3134,6172,56560
JMR3135,19798,71540
JMR3137,4819,30785
JMR3138,61032,302022
JMR3140,9151,83040
JMR3141,1629,35760
JMR3142,49395,126862
JMR3143,5732,31323
JMR3145,6645,66792
JMR3146,41665,302022
JMR3147,1152,16758
JMR3148,12071,47402
JMR3149,8923,302022
JMR3151,17324,70152
JMR3152,14618,42300
JMR3153,45066,302022
JMR3154,23769,302022
JMR3155,11767,39744
JMR3157,2070,27324
JMR3159,7890,35550
JMR3160,1464,43804
JMR3163,43986,302022
JMR3164,58966,129332
JMR3165,9806,37350
JMR3166,7769,37074
JMR3167,52201,159138
JMR3168,51236,128554
JMR3170,74037,166662
JMR3171,23226,75600
JMR3172,8224,31512
JMR3173,5476,30750
JMR3174,1242,17816
JMR3175,12176,69708
JMR3177,116028,302022
JMR3178,19365,58380
JMR3179,45516,105644
JMR3180,7644,66447
JMR3181,37358,131648
JMR3184,2773,28905
JMR3185,9667,68094
JMR3186,5212,328202
JMR3187,42053,89590
JMR3188,8369,30046
JMR3189,99350,166320
JMR3190,9483,37248
JMR3191,33399,83980
JMR3192,63530,148058
JMR3193,33149,79866
JMR3194,3751,56744
JMR3195,6517,33368
JMR3197,57103,160358
JMR3199,7852,35321
JMR3201,63219,172788
JMR3203,12105,54967
JMR3204,2329,24582
JMR3205,5242,211972
JMR3207,44709,115500
JMR3208,32161,328202
JMR3209,31756,89858
JMR3210,30410,84825
JMR3211,13000,46332
JMR3213,33696,92400
JMR3216,23603,101430
JMR3217,981,28690
JMR3219,6262,25688
JMR3220,27,12875
JMR3221,703,11186
JMR3222,4694,42822
JMR3223,21361,94605
JMR3224,26922,62985
JMR3225,8696,302022
JMR3230,12381,79076
JMR3231,261,12012
JMR3232,5959,45008
JMR3233,87398,165426
JMR3237,22280,63726
JMR3238,5166,45675
JMR3241,10160,302022
JMR3242,81658,141332
JMR3244,20070,302022
JMR3245,4348,24192
JMR3246,11804,48380
JMR3247,3710,302022
JMR3248,12194,328202
JMR3249,85983,148626
JMR3250,66908,138272
JMR3251,108623,302022
JMR3252,30786,121100
JMR3255,577,107426
JMR3256,53876,133900
JMR3257,37562,115705
JMR3258,23058,83055
JMR3259,19485,55944
JMR3260,42999,107548
JMR3261,7452,45632
JMR3262,13210,43296
JMR3263,29213,99000
JMR3264,18606,63612
JMR3267,15730,53280
JMR3269,18358,52460
JMR3270,13982,66690
JMR3271,5967,302022
JMR3272,21312,78319
JMR3273,9135,56244
JMR3274,15127,71599
JMR3275,5605,328202
JMR3276,33399,302022
JMR3277,6446,27710
JMR3278,25174,65330
JMR3280,12205,60956
JMR3281,12135,42500
JMR3282,28803,72352
